# The neutral compose corpus: 259 files, one per repository, sampled across 733.
# Every figure in docs/DOCKER-COMPAT.md and docs/RUNTIME-PARITY.md is measured on it.
# It is listed rather than vendored: the files are other people's, and a copy in this
# repo would be a redistribution nobody asked for. Each row is enough to fetch it back.
#
# THE COMMIT IS NOT PINNED. The corpus was sampled by repository and path, not by
# revision, so a file may have changed or vanished since. That is a real limit on
# reproducing these numbers exactly, and it is written here rather than discovered:
# the sha256 prefix of the bytes measured is the only thing that pins what was read.
#
# corpus-file	owner	repo	path-in-repo	sha256-16
0kkun~tennis-track~.openapi~docker-compose.yml	0kkun	tennis-track	.openapi/docker-compose.yml	80811599b8450977
1235357~debate-engine~docker-compose.yml	1235357	debate-engine	docker-compose.yml	862bc16485a3490f
54GradSoftware~google-fonts-checker~docker-compose.yml.example	54GradSoftware	google-fonts-checker	docker-compose.yml.example	40a32b93d1717189
AP0827~Multi-Threaded-Web-Server~docker-compose.yml	AP0827	Multi-Threaded-Web-Server	docker-compose.yml	a37cf64e2d54384c
AequaTech~DeBunker~docker-compose.yml	AequaTech	DeBunker	docker-compose.yml	56020a7e646071b0
AlexanderPortland~Portfolio~docker-compose.yml.dev	AlexanderPortland	Portfolio	docker-compose.yml.dev	2d4d9e0ccb9fec61
AndresHardware~Vaultwarden~docker-compose.yml.txt	AndresHardware	Vaultwarden	docker-compose.yml.txt	a6493d6533e83813
AnjaliSamrat~Real-states-risks-scorer~docker-compose.yml	AnjaliSamrat	Real-states-risks-scorer	docker-compose.yml	5af63aadc7867184
Anonym-tsk~petkit-hacks~docker-compose.yml.tmp	Anonym-tsk	petkit-hacks	docker-compose.yml.tmp	826d17fcc25fbb72
Aram8956~LMSPlatform~docker-compose.yml	Aram8956	LMSPlatform	docker-compose.yml	c02ff3fccb83f047
ArmandoHdzBta~api-spring~docker-compose.yml	ArmandoHdzBta	api-spring	docker-compose.yml	ba4f1b850bfb4296
ArturB~RSO~docker-compose.yml.bak	ArturB	RSO	docker-compose.yml.bak	2e7fe4f987df19a8
AryanMarwah7781~FitPub~docker-compose.yml	AryanMarwah7781	FitPub	docker-compose.yml	34eebd60f3e7d4be
AshwinSaklecha~LedgerPay~docker-compose.yml	AshwinSaklecha	LedgerPay	docker-compose.yml	15a1045b71fd078e
Bara2222~fittrack~docker-compose.yml	Bara2222	fittrack	docker-compose.yml	22a0ce96af6180e1
Bola-j~SolKey~docker-compose.yml	Bola-j	SolKey	docker-compose.yml	b2e233256e566946
Broseki~Broseki-Website~docker-compose.yml	Broseki	Broseki-Website	docker-compose.yml	ef90058df7bc8633
ByteMeDirk~semantic-medallion-data-platform~docker-compose.yml	ByteMeDirk	semantic-medallion-data-platform	docker-compose.yml	09357d8f5143285a
CEIJ-GPSDE~GoTracker~docker-compose.yml	CEIJ-GPSDE	GoTracker	docker-compose.yml	daeac843bb63c51b
CMU-313~docker-intro~docker-compose.yml_1.txt	CMU-313	docker-intro	docker-compose.yml_1.txt	ec816d359f274740
CarMi0Proggramer~php-erp-challenge~docker-compose.yml	CarMi0Proggramer	php-erp-challenge	docker-compose.yml	43209fa8d5db784e
CoinLQ~LQCharacter~docker-compose.yml.bak	CoinLQ	LQCharacter	docker-compose.yml.bak	3e0300a327734c3e
DDS-Solutions~AI-TadPole-OS~docker-compose.yml	DDS-Solutions	AI-TadPole-OS	docker-compose.yml	cdd3e9de94d5bb64
DEIPworld~deip-orip-client~docker-compose.yml.old	DEIPworld	deip-orip-client	docker-compose.yml.old	273cda88fcaab687
DataScientest-Studio~juin23_continu_mlops_meteo~docker-compose.yml	DataScientest-Studio	juin23_continu_mlops_meteo	docker-compose.yml	a884a76d8625f03b
DataScientest-Studio~juin23_continu_mlops_pompiers~docker-compose.yml	DataScientest-Studio	juin23_continu_mlops_pompiers	docker-compose.yml	8d537f07a0a09c0b
Dataman-Cloud~offline-prometheus~docker-compose.yml.tmp	Dataman-Cloud	offline-prometheus	docker-compose.yml.tmp	15b81e25bee00280
DevModeVivek~book-management-system~docker-compose.yml	DevModeVivek	book-management-system	docker-compose.yml	1cb274430fbddcd1
DevYangJC~DataLoom~deplay~docker-compose.yml	DevYangJC	DataLoom	deplay/docker-compose.yml	0f287b432c9e6414
DigneZzZ~dwg~docker-compose.yml.CLI	DigneZzZ	dwg	docker-compose.yml.CLI	d5e8ea70761938d0
Dongdongshe~K-Scheduler~libfuzzer_integration~llvm_11.0.1~libcxx~utils~docker~debian9~buildbot~docker-compose.yml	Dongdongshe	K-Scheduler	libfuzzer_integration/llvm_11.0.1/libcxx/utils/docker/debian9/buildbot/docker-compose.yml	28441b17d4437781
EBiM-Benchmark~benchmark~task3_isaacsim~docker-compose.yml	EBiM-Benchmark	benchmark	task3_isaacsim/docker-compose.yml	b635323f2c98d3e4
EvilFreelancer~docker-nextcloud~docker-compose.yml.dist	EvilFreelancer	docker-nextcloud	docker-compose.yml.dist	95e0bb8aadfd784b
Fayer00~metric_proyect~docker-compose.yml	Fayer00	metric_proyect	docker-compose.yml	5408871cd2c857fd
Felix-gg-cloud~ClaudeWorkspace~projects~LinguaLeap~docker-compose.yml	Felix-gg-cloud	ClaudeWorkspace	projects/LinguaLeap/docker-compose.yml	f16aeda5fdb57afb
Fresh-Advance~Development~docker-compose.yml.dist	Fresh-Advance	Development	docker-compose.yml.dist	fa73fccdc99ea835
GEMILUXVII~github-telegram-bot~docker-compose.yml	GEMILUXVII	github-telegram-bot	docker-compose.yml	f192449b4e4f5078
GenessyX~open-gallery~docker-compose.yml	GenessyX	open-gallery	docker-compose.yml	f1e024ec41dfc12b
Goose1216~E-comerce_site~docker-compose.yml	Goose1216	E-comerce_site	docker-compose.yml	dd78602a0009f25e
GovindYadav15~chat-widget-client-demo~docker-compose.yml	GovindYadav15	chat-widget-client-demo	docker-compose.yml	7073dda3267ab407
Grazziano~api-adote-um-amigo~docker-compose.yml	Grazziano	api-adote-um-amigo	docker-compose.yml	cf3475d8332b9fc8
Gustav0Prado~trab-seguranca~docker-compose.yml	Gustav0Prado	trab-seguranca	docker-compose.yml	2cdd847222c7fa20
GustavAT~Votor~docker-compose.yml.old	GustavAT	Votor	docker-compose.yml.old	8ce40de2eda5152c
HassanTariqAlvi~React-NodeAPI-MySQL~docker-compose.yml	HassanTariqAlvi	React-NodeAPI-MySQL	docker-compose.yml	e761719203de73b6
Hexsia~Fiport-Portfolio~docker-compose.yml	Hexsia	Fiport-Portfolio	docker-compose.yml	2fc7964189c29c67
INCEPTdk~omop_etl~docker-compose.yml	INCEPTdk	omop_etl	docker-compose.yml	13e65cae14269564
IkigaiLabsETH~ikigAI-Labs~db~docker-compose.yml.md	IkigaiLabsETH	ikigAI-Labs	db/docker-compose.yml.md	638f801e6316c9ed
Jianxuan-Li~dev-in-docker~python3-nginx~docker-compose.yml	Jianxuan-Li	dev-in-docker	python3-nginx/docker-compose.yml	e4f49588c269b979
Jokerkraft~Sistema-De-Inventarios~docker-compose.yml	Jokerkraft	Sistema-De-Inventarios	docker-compose.yml	fb821ca1950e01a7
Jorgeluisferreira~plataforma_ensino~docker-compose.yml	Jorgeluisferreira	plataforma_ensino	docker-compose.yml	37d5fe1470ae28da
JoshDunnDev~farmy-fish-fry~docker-compose.yml	JoshDunnDev	farmy-fish-fry	docker-compose.yml	b810b8b976aabd99
KTH~node-api~docker-compose.yml.in	KTH	node-api	docker-compose.yml.in	172d883a787d6bda
KTH~node-web~docker-compose.yml.in	KTH	node-web	docker-compose.yml.in	4442f12d560e857c
LiReyes~todo-api~docker-compose.yml	LiReyes	todo-api	docker-compose.yml	419bacfb57bcae30
Marwan051~final-project-database~docker-compose.yml	Marwan051	final-project-database	docker-compose.yml	e0c47ca448ed31c1
MenkoyS~3PROJ~docker-compose.yml	MenkoyS	3PROJ	docker-compose.yml	a1dd6109d120df0f
OXID-eSales~docker-eshop-sdk~docker-compose.yml.dist	OXID-eSales	docker-eshop-sdk	docker-compose.yml.dist	fa73fccdc99ea835
Oliver0804~docker_phpmyadmin~docker-compose.yml	Oliver0804	docker_phpmyadmin	docker-compose.yml	d7f183382cb064e5
PACER-PHII~PACER-client~docker-compose.yml.bk	PACER-PHII	PACER-client	docker-compose.yml.bk	141738ae07d995d7
PacktPublishing~PHP-8-Programming-Cookbook~docker-compose.yml.bak	PacktPublishing	PHP-8-Programming-Cookbook	docker-compose.yml.bak	12cf48ebefc288f0
Payum~PayumServer~docker-compose.yml.dist	Payum	PayumServer	docker-compose.yml.dist	3ad8f79b74e1aa86
PelionIoT~pelion-edge-provisioner~docker-compose.yml	PelionIoT	pelion-edge-provisioner	docker-compose.yml	92c3af693757939f
PortilloDev~designPatternsInPHP~docker-compose.yml.dist	PortilloDev	designPatternsInPHP	docker-compose.yml.dist	f2fc6ee3a726a059
Prushka~Recipe-Fullstack~docker-compose.yml	Prushka	Recipe-Fullstack	docker-compose.yml	deb59d3c6d664457
RadovanBulla1304~DP_OtazkovySystem_v2~docker-compose.yml	RadovanBulla1304	DP_OtazkovySystem_v2	docker-compose.yml	92e599d8ff92ea05
Rahul-jooluru~AgentChain~docker-compose.yml	Rahul-jooluru	AgentChain	docker-compose.yml	06c09350331657d1
ReFi-Labs~account-abstraction-bundler~dockers~docker-compose.yml	ReFi-Labs	account-abstraction-bundler	dockers/docker-compose.yml	5acaf7961fcc68ce
SecCodeSmith~text-to-audiobook~docker-compose.yml	SecCodeSmith	text-to-audiobook	docker-compose.yml	4c30375545f4227e
SkyWongHZ~blog_service~docker-compose.yml.bak	SkyWongHZ	blog_service	docker-compose.yml.bak	5230389c35fafe3e
SuryaKTiwari11~kafka~docker-compose.yml	SuryaKTiwari11	kafka	docker-compose.yml	226081aeeb2da46b
TJCatFood~backend~docker-compose.yml.dev	TJCatFood	backend	docker-compose.yml.dev	4595140aac67191e
Taliana17~BuzzCore~docker-compose.yml	Taliana17	BuzzCore	docker-compose.yml	43632b89a70a4c62
Team-olbl~S-tickey~deploy~docker-compose.yml	Team-olbl	S-tickey	deploy/docker-compose.yml	b79c696ebd3b015b
ThomasQi3141~syncspark~docker-compose.yml	ThomasQi3141	syncspark	docker-compose.yml	fec73c1e2ce630e5
Tobita-Ryusuke~test-foodcre~docker-compose.yml	Tobita-Ryusuke	test-foodcre	docker-compose.yml	9fca318c1d1d3be8
TunLinAung010~docker-swarm-ingress~.docker-compose.yml-ci	TunLinAung010	docker-swarm-ingress	.docker-compose.yml-ci	686abfc748c06026
ValeriTodorov01~VALERI-VOT-DOM-2-SROK-2~docker-compose.yml	ValeriTodorov01	VALERI-VOT-DOM-2-SROK-2	docker-compose.yml	ae29bf43f0ad76eb
Websoft9~docker-library~apps~jetty~docker-compose.yml	Websoft9	docker-library	apps/jetty/docker-compose.yml	cb4bfab1cdd352e3
Wisdomuzochi~datapulse~docker-compose.yml	Wisdomuzochi	datapulse	docker-compose.yml	01b7f595f87e9c35
XORbyte-io~dwg~docker-compose.yml.CLI	XORbyte-io	dwg	docker-compose.yml.CLI	d5e8ea70761938d0
admisio~Portfolio~docker-compose.yml.dev	admisio	Portfolio	docker-compose.yml.dev	2d4d9e0ccb9fec61
admisio~Testy~docker-compose.yml.dev	admisio	Testy	docker-compose.yml.dev	60e5e9fc5eb22aab
aevans1910~adulting~docker-compose.yml.orig	aevans1910	adulting	docker-compose.yml.orig	f9a2ae5d96ae151f
alexandre6415~telegram-runrun-bot~docker-compose.yml	alexandre6415	telegram-runrun-bot	docker-compose.yml	0c2014c728e7bbe5
alice-ang~nest-gql-api~docker-compose.yml	alice-ang	nest-gql-api	docker-compose.yml	8c41ab741c2929c0
alitarhinisv~Notes-FE~docker-compose.yml	alitarhinisv	Notes-FE	docker-compose.yml	2a5f9dc1a6f91b24
aloshai~aequi-monorepo~docker-compose.yml	aloshai	aequi-monorepo	docker-compose.yml	437ab3b8e6c25d26
amolabs~amoabci~docker-compose.yml.in	amolabs	amoabci	docker-compose.yml.in	1c58637f1a6da789
antwebes~chatBoilerplate~docker-compose.yml.dist	antwebes	chatBoilerplate	docker-compose.yml.dist	5aea2ff2761413cc
arkanelinux~docker-compose~traefik~docker-compose.yml	arkanelinux	docker-compose	traefik/docker-compose.yml	2ebd1937e74e9e27
arunrao~rampart-ai~docker-compose.yml	arunrao	rampart-ai	docker-compose.yml	3a42ffea7f4b72d5
ashishjaiswal222~newportfolio~backend~docker-compose.yml	ashishjaiswal222	newportfolio	backend/docker-compose.yml	2b4bcb69a28257c5
atanaltay~cs310_2022~25_BookStoreDocker~docker-compose.yml	atanaltay	cs310_2022	25_BookStoreDocker/docker-compose.yml	1e19f151fe39e15c
atlab~pipeline-tp-gui~docker-compose.yml.old	atlab	pipeline-tp-gui	docker-compose.yml.old	d03c8f1c7eb567bd
av-ugolkov~backend-examples~db~postgresql~join~docker-compose.yml	av-ugolkov	backend-examples	db/postgresql/join/docker-compose.yml	5cd264778f016f8d
betloreilly~AI-powered-Enterprise-Search~docker-compose.yml	betloreilly	AI-powered-Enterprise-Search	docker-compose.yml	3e57a6d9b2a43ac7
bjornkpu~pottery-log~docker-compose.yml	bjornkpu	pottery-log	docker-compose.yml	7ce2d36da07ea1e3
bluesky0309~eth-infinitism~dockers~docker-compose.yml	bluesky0309	eth-infinitism	dockers/docker-compose.yml	5acaf7961fcc68ce
bschmitt~laravel-amqp~docker-compose.yml	bschmitt	laravel-amqp	docker-compose.yml	0e99673ca21789ff
bunkeriot~BunkerM~docker-compose.yml.bak	bunkeriot	BunkerM	docker-compose.yml.bak	5d0440977d5b63f5
buptmiao~microservice-app~monitor~docker-compose.yml.2	buptmiao	microservice-app	monitor/docker-compose.yml.2	06ebf8b3d729f779
cajal~pipecontrol~docker-compose.yml.old	cajal	pipecontrol	docker-compose.yml.old	d03c8f1c7eb567bd
caretdev~iris-vector~docker-compose.yml	caretdev	iris-vector	docker-compose.yml	a6e511cbda821223
cbulock~plex-issue-finder~docker-compose.yml	cbulock	plex-issue-finder	docker-compose.yml	2168cebeca9ba96f
chandanshoun~CPPRestSDK-server~docker-compose.yml.bkp	chandanshoun	CPPRestSDK-server	docker-compose.yml.bkp	b623e8166d6327fa
chaterm~Akasha~docker-compose.yml.bak	chaterm	Akasha	docker-compose.yml.bak	63ea657c3044c147
clubcapra~gazebo_docker~docker-compose.yml	clubcapra	gazebo_docker	docker-compose.yml	1686ee7f9d01665a
codenip-tech~design-patterns-in-php~docker-compose.yml.dist	codenip-tech	design-patterns-in-php	docker-compose.yml.dist	f2fc6ee3a726a059
codenip-tech~symfony-course-skeleton~docker-compose.yml.dist	codenip-tech	symfony-course-skeleton	docker-compose.yml.dist	03f5d323bef8f6bb
compasify~giapha-4.0~docker-compose.yml	compasify	giapha-4.0	docker-compose.yml	c4767e08246a147d
crs4~openEHRTool~docker-compose.yml.win.1	crs4	openEHRTool	docker-compose.yml.win.1	38b1c23a14edeb6d
dacheng-gao~docker-lnmp~docker-compose.yml.dist	dacheng-gao	docker-lnmp	docker-compose.yml.dist	e5470949a3e3b232
darkweak~souin~docker-compose.yml.dev	darkweak	souin	docker-compose.yml.dev	abda6b437a9255d5
decwest~nav2_test_environment~docker-compose.yml	decwest	nav2_test_environment	docker-compose.yml	f7281a10f62c5fae
dmcbane~devcontainer-go~.devcontainer~docker-compose.yml	dmcbane	devcontainer-go	.devcontainer/docker-compose.yml	d996c1d25c11d56d
droptica~nginx-proxy~docker-compose.yml.3	droptica	nginx-proxy	docker-compose.yml.3	60ffdc99e0761de8
easabbir~k6-performance-test~docker-compose.yml	easabbir	k6-performance-test	docker-compose.yml	62aeca8f47cf611b
elitsuri~lms-cloudlearn-8~docker~docker-compose.yml	elitsuri	lms-cloudlearn-8	docker/docker-compose.yml	65e286197e8d2d3f
eventually-consistent-code~Open-Cookbook~server~local~docker-compose.yml	eventually-consistent-code	Open-Cookbook	server/local/docker-compose.yml	b7b1bf66453b3957
evshvarov~demotest~docker-compose.yml	evshvarov	demotest	docker-compose.yml	d05871811f4f3e52
evshvarov~ikem-demo~docker-compose.yml	evshvarov	ikem-demo	docker-compose.yml	d05871811f4f3e52
evshvarov~iris-cron-task~docker-compose.yml	evshvarov	iris-cron-task	docker-compose.yml	d05871811f4f3e52
evshvarov~iris-python-excersise~docker-compose.yml	evshvarov	iris-python-excersise	docker-compose.yml	d05871811f4f3e52
eyadsibai~machine-learning-docker-image~docker-compose.yml_bak	eyadsibai	machine-learning-docker-image	docker-compose.yml_bak	42e85ebfe286a088
fairyly~docker_study~1.3.3docker-compose.yml.md	fairyly	docker_study	1.3.3docker-compose.yml.md	23afa1e698fd3d19
falric~node-web~docker-compose.yml.in	falric	node-web	docker-compose.yml.in	4442f12d560e857c
feiseli~watch-lifecycle~docker-compose.yml	feiseli	watch-lifecycle	docker-compose.yml	33eb9989131e476a
felixanderton~contrastive-up~docker-compose.yml	felixanderton	contrastive-up	docker-compose.yml	1b26203e51d6f1a3
fingxay~Product-review-system-nodejs~docker-compose.yml	fingxay	Product-review-system-nodejs	docker-compose.yml	e95cc8c479c8db42
flavio-code-535345~ebay-scrapper~docker-compose.yml	flavio-code-535345	ebay-scrapper	docker-compose.yml	11a3c866683b7159
fourers~kafka-cli-app~docker-compose.yml	fourers	kafka-cli-app	docker-compose.yml	2743fc269d95af49
francaguilar~design-patterns-php~docker-compose.yml.dist	francaguilar	design-patterns-php	docker-compose.yml.dist	f2fc6ee3a726a059
fred-ro~dotNet~docker-compose.yml	fred-ro	dotNet	docker-compose.yml	fd461021bc9476fd
gabrielesh~PrivateBin~docker-compose.yml	gabrielesh	PrivateBin	docker-compose.yml	46d5b413091c1d2b
garutilorenzo~clickhouse-cluster~.docker-compose.yml-ci	garutilorenzo	clickhouse-cluster	.docker-compose.yml-ci	8bfae306121ab3c4
garutilorenzo~docker-swarm-ingress~.docker-compose.yml-ci	garutilorenzo	docker-swarm-ingress	.docker-compose.yml-ci	686abfc748c06026
garutilorenzo~laravel-docker~docker-compose.yml-dev	garutilorenzo	laravel-docker	docker-compose.yml-dev	5cfdf66f6b5eef4f
garutilorenzo~mysql-ha-docker~.docker-compose.yml-ci	garutilorenzo	mysql-ha-docker	.docker-compose.yml-ci	0e7ed23474e14ada
geokrety~bootstrap-email-smtp-server~docker-compose.yml.ex	geokrety	bootstrap-email-smtp-server	docker-compose.yml.ex	ef83e01dd15ee169
gerMdz~PayunPILE~docker-compose.yml.dist	gerMdz	PayunPILE	docker-compose.yml.dist	8cee289fe6353414
gigliotti4~sgo-tublood~docker-compose.yml	gigliotti4	sgo-tublood	docker-compose.yml	a8c71db572918ac4
golepu~PROGRAMMING_PRACTICE~SQL~docker-compose.yml	golepu	PROGRAMMING_PRACTICE	SQL/docker-compose.yml	22a67c3c4779a472
gopal1409~KubernetesDocker~docker-compose.yml1	gopal1409	KubernetesDocker	docker-compose.yml1	126e6def84fec11b
gusibi~docker-apm~docker-compose.yml.bak	gusibi	docker-apm	docker-compose.yml.bak	5cc79845f7732b3d
harishlohar93~Multi-tool-AI-Agent~docker-compose.yml	harishlohar93	Multi-tool-AI-Agent	docker-compose.yml	4a1a34b745aeaa56
helei112g~docker-env~docker-compose.yml.bak	helei112g	docker-env	docker-compose.yml.bak	af52245b37a0fb04
helmutkemper~recode~docker-compose.yml	helmutkemper	recode	docker-compose.yml	dd9338dc199c1974
hiqdev~billing-hiapi~docker-compose.yml.dist	hiqdev	billing-hiapi	docker-compose.yml.dist	895eb2f4e40828ff
hiqdev~hipanel-core~docker-compose.yml.dev	hiqdev	hipanel-core	docker-compose.yml.dev	4b5d0b48f91133d2
hiqdev~hisite~docker-compose.yml.dist	hiqdev	hisite	docker-compose.yml.dist	32141b07c946497c
imranhsayed~wordpress-docker-wp-cli~docker-compose.yml-e	imranhsayed	wordpress-docker-wp-cli	docker-compose.yml-e	4d8f492015f17556
indiv0~castaway~docker-compose.yml	indiv0	castaway	docker-compose.yml	93a92f8ef6ae4862
indrasantosa~multi-container-app~docker-compose.yml	indrasantosa	multi-container-app	docker-compose.yml	afac6bb602e7f971
isaahmdantas~sigmun-rails~docker-compose.yml.tt	isaahmdantas	sigmun-rails	docker-compose.yml.tt	3ea862538e28ab59
isaahmdantas~start-softmedical~docker-compose.yml.tt	isaahmdantas	start-softmedical	docker-compose.yml.tt	3ea862538e28ab59
ishayyemini~wpa3_attack~admin~CTFd~docker-compose.yml	ishayyemini	wpa3_attack	admin/CTFd/docker-compose.yml	683186e2e7cb8611
jameslbray~cs467-scp-project~docker-compose.yml.bak	jameslbray	cs467-scp-project	docker-compose.yml.bak	4034dd307684d627
jefersonralmeida~sospandemia~docker-compose.yml	jefersonralmeida	sospandemia	docker-compose.yml	6b13a3f1a9e99411
jessicacolombo~desafio-tecnico-carrinho-de-compras-bussola-social~docker-compose.yml	jessicacolombo	desafio-tecnico-carrinho-de-compras-bussola-social	docker-compose.yml	ebf6ee4c4652708c
jfahrer~containerizing_rails~_examples~docker-compose.yml.org	jfahrer	containerizing_rails	_examples/docker-compose.yml.org	7fb798e13f842084
jochemfuchs~mysql8-polygonal-geolocator~docker-compose.yml.dist	jochemfuchs	mysql8-polygonal-geolocator	docker-compose.yml.dist	8d02030ea71f6d17
johnsaleena~Project3~docker-compose.yml	johnsaleena	Project3	docker-compose.yml	cf2f891de9c7613d
joinrpg~kogda-igra~docker-compose.yml	joinrpg	kogda-igra	docker-compose.yml	87333c53469534dd
jonfairbanks~local-rag~docker-compose.yml-rocm	jonfairbanks	local-rag	docker-compose.yml-rocm	bd3517f6b63c0e3d
jos3duardo~rinha-backend-2025-node~docker-compose.yml	jos3duardo	rinha-backend-2025-node	docker-compose.yml	53fd6f1e2093dcb8
jrab66~traefik-101~docker~jenkins~docker-compose.yml	jrab66	traefik-101	docker/jenkins/docker-compose.yml	0efcff9b2b57ea4b
keizo3~svelte-test~docker-compose.yml	keizo3	svelte-test	docker-compose.yml	fe54bfaba6093760
khaanh112~SkyTimeHub~Api~docker-compose.yml	khaanh112	SkyTimeHub	Api/docker-compose.yml	54f3e3f32843380d
kinan11~ZTI_Projekt~docker-compose.yml	kinan11	ZTI_Projekt	docker-compose.yml	6f16f759208f771c
kishorekumarmeenakshisundaram~world-cup-prediction-etl~docker-compose.yml	kishorekumarmeenakshisundaram	world-cup-prediction-etl	docker-compose.yml	ca7350fef4505157
krrish-v~bookmark-collector~docker-compose.yml	krrish-v	bookmark-collector	docker-compose.yml	34a7a9ad773ad376
kuangdd2024~esman~docker-compose.yml	kuangdd2024	esman	docker-compose.yml	761196f7d65d49ba
l4vid4~EduAI~docker-compose.yml-old	l4vid4	EduAI	docker-compose.yml-old	2e85e7264d0c6724
lachouettecoop~chouette-odoo~docker-compose.yml.dev	lachouettecoop	chouette-odoo	docker-compose.yml.dev	a7279e44aa0df622
lazydune~ft_transcendence~docker-compose.yml	lazydune	ft_transcendence	docker-compose.yml	4d5b0df80ebf179d
leshicodes~lrclib-fetcher-ts~docker-compose.yml.sample	leshicodes	lrclib-fetcher-ts	docker-compose.yml.sample	da564999d19e7933
lglmoura~crud_aws_sample~docker-compose.yml	lglmoura	crud_aws_sample	docker-compose.yml	e027448dbeb99e6d
libis~rdm-integration~docker-compose.yml.dev	libis	rdm-integration	docker-compose.yml.dev	fac7cf801a97c5a5
link89~dataverse-docker~docker-compose.yml.dist	link89	dataverse-docker	docker-compose.yml.dist	8f31f043215cc440
lucamaraschi~untubo~docker-compose.yml.old	lucamaraschi	untubo	docker-compose.yml.old	1e225c6a97f5e675
lucasbalm~Fortify-LIM~docker-compose.yml	lucasbalm	Fortify-LIM	docker-compose.yml	9221adac9e651f49
luxfi~bundler~dockers~docker-compose.yml	luxfi	bundler	dockers/docker-compose.yml	5acaf7961fcc68ce
mFrank34~Home-Lab-Configs~Network~docker-compose.yml	mFrank34	Home-Lab-Configs	Network/docker-compose.yml	2e25fc18a2d1ce27
macv9620~py-pip~web-server~docker-compose.yml	macv9620	py-pip	web-server/docker-compose.yml	096c5a698270941d
magma-labs~magma-chat~docker-compose.yml.old	magma-labs	magma-chat	docker-compose.yml.old	d7fb8dc09b859b9f
malbiruk~artistpath~docker-compose.yml	malbiruk	artistpath	docker-compose.yml	7dc36472fdc47cd1
maliksari~django-iot-project~iot-tcp~docker-compose.yml	maliksari	django-iot-project	iot-tcp/docker-compose.yml	aa463104f620560c
mandeepsingh10~chwitter~docker-compose.yml-og	mandeepsingh10	chwitter	docker-compose.yml-og	9923ae2e7919f50a
mfigueroa-eafit~antivirus-backend-app~docker-compose.yml	mfigueroa-eafit	antivirus-backend-app	docker-compose.yml	55f6d8e6d7afbd32
mgarralda~hadoop-spark-cluster~docker-compose.yml.bck	mgarralda	hadoop-spark-cluster	docker-compose.yml.bck	cdf9908e0bb1b9d2
michalfapso~thingsboard_docker_https~docker-compose.yml.tb	michalfapso	thingsboard_docker_https	docker-compose.yml.tb	143447e83a4598fb
microservice-canvas~plantuml~docker-compose.yml	microservice-canvas	plantuml	docker-compose.yml	9d680c86d5a3fc48
minh10huy~pentest_mobileapp~docker-compose.yml.org	minh10huy	pentest_mobileapp	docker-compose.yml.org	232ba83c9e039545
minhng92~django-rest-example-docker~docker-compose.yml	minhng92	django-rest-example-docker	docker-compose.yml	425624ecc8c42393
msshashank1997~lab~docker-compose.yml	msshashank1997	lab	docker-compose.yml	19c5269515f2d9f4
mundodocker~exemplo-docker-compose~docker-compose.yml-bkp	mundodocker	exemplo-docker-compose	docker-compose.yml-bkp	a5cc5d57345842de
mustaphaamine1~MLflow-Dockerized-FastAPI-Project~docker-compose.yml	mustaphaamine1	MLflow-Dockerized-FastAPI-Project	docker-compose.yml	2643d7b45e3855bc
namboy94~progstats~docker-compose.yml	namboy94	progstats	docker-compose.yml	461d7d97862dd475
nhanrunandgo~inventory-cloud-project3~step2~docker-compose.yml	nhanrunandgo	inventory-cloud-project3	step2/docker-compose.yml	9ed0243384a99944
nihar245~ForgeDoo~backend~docker-compose.yml	nihar245	ForgeDoo	backend/docker-compose.yml	105130add9d6615e
nnn-gif~bundler~dockers~docker-compose.yml	nnn-gif	bundler	dockers/docker-compose.yml	5acaf7961fcc68ce
nssuwan186-dev~hotel-brain~docker-compose.yml	nssuwan186-dev	hotel-brain	docker-compose.yml	ec5f686b05ac5005
object2music~o2m~docker-compose.yml.ok	object2music	o2m	docker-compose.yml.ok	817e84e7c683fce8
ohjust~IPTV~docker-compose.yml.txt	ohjust	IPTV	docker-compose.yml.txt	4d12cda4baf79a86
onedeeper~classifier_endpoint~docker-compose.yml	onedeeper	classifier_endpoint	docker-compose.yml	1c0a9337f6546be0
open-data~opengov~html~modules~contrib~search_api_solr~jump-start~solr4~docker-compose.yml	open-data	opengov	html/modules/contrib/search_api_solr/jump-start/solr4/docker-compose.yml	9ea2338e20187b1b
oxiverse-labs~intentforge~docker-compose.yml.bak	oxiverse-labs	intentforge	docker-compose.yml.bak	93ec8c8aba558b78
p-stam001~umbrel-apps~seafile~docker-compose.yml	p-stam001	umbrel-apps	seafile/docker-compose.yml	0abe663a56db1190
pHAlkaline~phkapa~docker-compose.yml.dev	pHAlkaline	phkapa	docker-compose.yml.dev	078c185f1731586e
pHAlkaline~phkondo~docker-compose.yml.dev	pHAlkaline	phkondo	docker-compose.yml.dev	5364ad2f4f29022a
parthsantosh2411~AI_eCommerce_Chatbot~docker-compose.yml	parthsantosh2411	AI_eCommerce_Chatbot	docker-compose.yml	ef707497be4f23e2
petl-developers~petl~docker-compose.yml	petl-developers	petl	docker-compose.yml	47323c6f07645648
plamagnum~newac~docker-compose.yml	plamagnum	newac	docker-compose.yml	a0b94d7df8d8d2e4
pmsosa~Soundcloud-Spam-Analysis~docker-compose.yml.bak	pmsosa	Soundcloud-Spam-Analysis	docker-compose.yml.bak	2cf5e81ae173cc0c
pondix~docker-mysql-proxysql~docker-compose.yml.8.0	pondix	docker-mysql-proxysql	docker-compose.yml.8.0	6f93033fff0c5d35
rfjnv~grand-astra~docker-compose.yml	rfjnv	grand-astra	docker-compose.yml	36c426889bf41628
richardcort~FocusStack~docker-compose.yml	richardcort	FocusStack	docker-compose.yml	eaea770616a7d390
rin4ik~vContact~docker-compose.yml	rin4ik	vContact	docker-compose.yml	c0825c5248298740
rummannaqvi~xiiops-backend~docker-compose.yml	rummannaqvi	xiiops-backend	docker-compose.yml	3e84768696ed004b
sajjadium~ctf-archives~ctfs~BRICS+~2023~Quals~web~ChadGPT~docker-compose.yml	sajjadium	ctf-archives	ctfs/BRICS+/2023/Quals/web/ChadGPT/docker-compose.yml	43967f2f3f7e5a99
salmanoffical35~exam-proctoring~docker-compose.yml	salmanoffical35	exam-proctoring	docker-compose.yml	01b8562c3d0209e8
sayantanmukh050893~interior-design-site~docker-compose.yml	sayantanmukh050893	interior-design-site	docker-compose.yml	0793ef97d8c3c31a
shaffermc~synchronous-communication-platform~docker-compose.yml.bak	shaffermc	synchronous-communication-platform	docker-compose.yml.bak	4034dd307684d627
shyim~cloud-dev~docker-compose.yml.dist	shyim	cloud-dev	docker-compose.yml.dist	add0e74d9261c5ea
sibsankarb4~DevOps-Docker-Jenkins-GIT-CI-Pipeline-and-Maven~docker-compose.yml.txt	sibsankarb4	DevOps-Docker-Jenkins-GIT-CI-Pipeline-and-Maven	docker-compose.yml.txt	58eba993c761d673
sky-sharma~docker-react~docker-compose.yml	sky-sharma	docker-react	docker-compose.yml	b4925441724bbc2a
smlx~test-php-fpm-graceful-exit~docker-compose.yml	smlx	test-php-fpm-graceful-exit	docker-compose.yml	bcc6dafdd9f606ef
stackroute~quizart-analytics~docker-compose.yml.back	stackroute	quizart-analytics	docker-compose.yml.back	1f8eb387adce0cca
stackroute~quizart-social~docker-compose.yml.back	stackroute	quizart-social	docker-compose.yml.back	1f8eb387adce0cca
steedos~docker~ee~node-red~docker-compose.yml	steedos	docker	ee/node-red/docker-compose.yml	5d72e20862ea6ae7
studoo-app~ecole-directe-api~docker-compose.yml	studoo-app	ecole-directe-api	docker-compose.yml	9629be681499749d
svitorz~meetingfaces~docker-compose.yml	svitorz	meetingfaces	docker-compose.yml	5f4e2ad9cf03ed4a
swipswaps~lecds-preview~docker-compose.yml	swipswaps	lecds-preview	docker-compose.yml	1976cfad8f83c91a
tabordasolutions~nics-docker~build-docker-compose.yml	tabordasolutions	nics-docker	build-docker-compose.yml	dd13f8871ce39182
takahiroaoki~to-do-app~docker-compose.yml	takahiroaoki	to-do-app	docker-compose.yml	4fcdd37a567f0976
tangfeixiong~go-to-docker~docker-compose.yml.sed	tangfeixiong	go-to-docker	docker-compose.yml.sed	ad880f96d7ba061e
tasken~dsi-wifi-manager~docker-compose.yml	tasken	dsi-wifi-manager	docker-compose.yml	05e7ec74e1ead539
tdenmon~rust-api-server~docker-compose.yml	tdenmon	rust-api-server	docker-compose.yml	7abb5ba158657dc8
tjmt~docker-cd~docs~docker-compose.yml.md	tjmt	docker-cd	docs/docker-compose.yml.md	9e7ea1f2981ac552
tzolov~playground-flight-booking~docker-compose.yml-old	tzolov	playground-flight-booking	docker-compose.yml-old	2e85e7264d0c6724
ujjwal-dahal~agent-rag-ai-assistant~docker-compose.yml	ujjwal-dahal	agent-rag-ai-assistant	docker-compose.yml	bd4062e932c9fd48
ultimate-pa~hanfor~docker-compose.yml.dist	ultimate-pa	hanfor	docker-compose.yml.dist	b88cf361c0a57766
unicornultrafoundation~aa-bundler~dockers~docker-compose.yml	unicornultrafoundation	aa-bundler	dockers/docker-compose.yml	5acaf7961fcc68ce
vladalexz~ETL_PROJECT~docker-compose.yml	vladalexz	ETL_PROJECT	docker-compose.yml	fe10c7bcc65ef5c2
vr-varad~TechTower~docker~docker-compose.yml	vr-varad	TechTower	docker/docker-compose.yml	889f281b4957cc79
weblab-technology~graphql-example~docker-compose.yml	weblab-technology	graphql-example	docker-compose.yml	476d446d3ac4ee11
wgd3~full-stack-todo~docker-compose.yml	wgd3	full-stack-todo	docker-compose.yml	9effd15c3e1b76cc
whyrulike~wechat-alert~docker-compose.yml	whyrulike	wechat-alert	docker-compose.yml	8b39da1bda01d3b0
worldia~textmaster-api~docker-compose.yml.dist	worldia	textmaster-api	docker-compose.yml.dist	5cf42952aa1ccf7d
wzean~news-ai-agent~docker-compose.yml	wzean	news-ai-agent	docker-compose.yml	a803c5cc7dd4d0ad
xgodon~RIG~dockerized-apps~dokuwiki~docker-compose.yml	xgodon	RIG	dockerized-apps/dokuwiki/docker-compose.yml	f6aed91d9d0f46e5
xiaopeng163~twittor~docker-compose.yml.dev	xiaopeng163	twittor	docker-compose.yml.dev	e3ed976cdb684dd0
xurenlu~sslcat~internal~runner~templates~builtin~nodebb~docker-compose.yml	xurenlu	sslcat	internal/runner/templates/builtin/nodebb/docker-compose.yml	6bd3df290fce1aa4
younghyen7956~image-search~docker-compose.yml	younghyen7956	image-search	docker-compose.yml	5d1d1607c15d86f9
ysmnikhil~portfolio~strapi~docker-compose.yml	ysmnikhil	portfolio	strapi/docker-compose.yml	80f197c9e0f6b996
zhilanazmi~portfolio-reactjs-v2~docker-compose.yml	zhilanazmi	portfolio-reactjs-v2	docker-compose.yml	09d882721214993c
zhongwenrong~dnmp~docker-compose.yml.bak	zhongwenrong	dnmp	docker-compose.yml.bak	5403bb73afac639b
zooniverse~alice~docker-compose.yml	zooniverse	alice	docker-compose.yml	0a1934f19233baab
zuzu59~docker-influxdb-grafana~docker-compose.yml.sav	zuzu59	docker-influxdb-grafana	docker-compose.yml.sav	90ed9ab74bc70199
